Name,Surname,"ID Number","Date of Birth"
Gundo,Burr,6429185108874,1954-8-6
DevProx,Carlin,7350130414354,1962-10-2
Borat,Sagdiev,1979646875606,2012-4-16
Bill,Burr,9279246691753,1988-6-28
Ava,SanHacks,5645551720449,1963-8-7
Evelyn,Fun,9042728820481,1965-3-10
Helena,Yang,9227655458223,1962-7-19
Evelyn,Fun,9649696036363,2005-2-7
Amelia,Bean,9405009437457,1952-2-13
Gabe,Fun,1943433487895,2001-3-8
Amelia,Sifhufhi,2188313420237,1987-7-10
Emily,TheGuy,3874083473061,1993-7-18
Emily,Anderson,7392849818741,2002-4-1
Nelson,Yang,8483299586047,2013-3-21
Emily,Mulalo,7889610670963,1981-6-21
Sofia,Carlin,2549144075066,1957-5-27
Gilfoyle,Betram,1712585430530,1953-9-28
Harper,Fun,4646702252241,2004-12-14
Emily,Carlin,2400034761721,1958-4-10
Gundo,Mulalo,9244286683176,1989-1-16
DevProx,Bean,7551434819929,1978-7-11
Jian,Bighetti,3712824557068,2009-9-10
Evelyn,Martinez,5059244672800,1982-3-24
Emily,San,5285052622162,1954-4-18
Nelson,Burr,2744595771417,1966-1-23
Gabe,San,2272478690377,1955-5-4
Helena,Sagdiev,5345338354814,1998-8-27
Gilfoyle,Mashudu,4571293407363,2000-6-3
Borat,Carlin,4997530579871,1978-1-23
Emily,Anderson,7191549110562,2018-7-19
Emily,Betram,7674788616289,1993-11-19
Evelyn,Fun,4008447070733,1983-1-17
Nelson,Fun,8627740078670,2008-1-10
Ava,San,1046764330199,1992-8-5
Borat,Fun,2653449414679,1989-4-19
Jian,Anderson,2222537691785,1975-12-13
Bill,Martinez,5088920798642,1955-8-22
Borat,Sifhufhi,9821670587145,1997-7-11
Jian,San,9723844546235,1986-11-21
Seth,Bighetti,3424758643925,2016-1-4
Aria,Anderson,4910679141282,1959-1-25
Gilfoyle,Betram,6318210486854,2001-9-24
Saint,Carlin,1422135633971,2011-8-6
Bill,Carlin,4726595916036,1969-5-18
Gundo,Burr,2324668144589,1986-8-1
Aria,Carlin,1044846584016,2014-5-2
Borat,Fun,4178887482183,1968-4-24
Ava,Anderson,9584754072243,1985-3-17
Harper,Jackson,3536880285066,1998-7-16
Sofia,Martin,1384821437454,1964-11-6
Aria,Martin,6715032558564,1991-6-26
Nelson,Yang,1163546590517,1974-11-1
Ava,Yang,3100860272511,2007-4-27
Emily,Sagdiev,7983029696612,2011-9-20
Amelia,Burr,5937846108601,2004-4-2
Amelia,Sagdiev,1889215756119,2002-3-1
Seth,Burr,7865211710580,1964-12-26
Gilfoyle,Carlin,8571462311044,1988-12-9
Millie,Sagdiev,1394363918590,1953-7-24
Gilfoyle,Rogen,9843307636574,1996-6-12
Emily,Bighetti,9961310449529,2004-4-11
Gilfoyle,Mulalo,1691641902718,1984-10-13
Evelyn,Anderson,4168135466386,1968-11-1
Millie,Mashudu,6239931318485,1951-6-5
Bill,Martinez,3363703240467,1974-6-1
Mila,SanHacks,8973707653968,1960-7-27
Mila,Sagdiev,3021308823538,1998-7-25
Harper,Carlin,3883533905972,1978-9-25
DevProx,Martinez,2069464410886,1999-11-26
Jian,Bighetti,6255619579387,2018-1-15
Bill,Garcia,1872154743740,2012-7-25
Evelyn,Sagdiev,8785820145875,1963-10-26
Gabe,San,4896522553001,1993-4-6
Saint,Rogen,2971682625349,2006-9-28
Mila,Fun,1093272810770,2007-4-20
DevProx,Betram,4664265674399,1958-9-23
Gundo,Garcia,4552092206391,2014-12-17
Harper,Fun,7064815990717,1970-9-4
Aria,Burr,5814540275738,1950-1-13
Sofia,Bean,8772500882556,2005-11-22
Evelyn,Bean,7345325595505,1950-12-20
Seth,Mashudu,3924089079677,1956-4-2
Aria,Mulalo,5455007890922,2012-4-9
Emily,TheGuy,2406886954561,1986-4-14
Millie,Yang,7829059326527,1961-4-28
Gilfoyle,Sifhufhi,9122194622024,1955-6-5
Seth,TheGuy,5172884566266,1956-7-16
Seth,Bean,2308029029655,2016-11-6
Gundo,Mulalo,2995205411411,2007-5-2
Saint,Martin,9681334659668,1977-7-3
Gabe,Burr,5685310239335,1970-11-14
Jian,Martin,5577850189553,1950-6-4
Mila,Mashudu,4670877706724,1950-12-3
Gabe,Martinez,3996351571778,1992-6-27
Jian,Bean,5684680320175,1986-7-28
Aria,SanHacks,9721142185015,2000-4-21
Ava,TheGuy,1677788232596,1976-1-19
Mila,Bighetti,7593260369094,1968-10-5
Emily,Jackson,4335351173018,1987-9-28
Aria,Rogen,3155794953980,1997-7-26
Ava,Yang,6718005396815,2012-11-5
Borat,Bean,3001696604266,1960-3-3
Emily,Anderson,5906623386485,1997-7-23
Emily,Martin,3420053951399,1972-9-15
Emily,SanHacks,8927231286577,1965-4-22
Amelia,Bighetti,6515016014113,2007-6-22
Emily,Sagdiev,6250117557645,1992-3-15
Amelia,Martin,1713322077789,1951-5-12
Millie,Sagdiev,9744137667746,1986-10-9
Seth,Jackson,1718673810259,1985-1-12
Ava,Garcia,8374057715489,2001-3-15
Helena,Sifhufhi,6046119868613,1966-7-2
Harper,Sifhufhi,9633253730755,1999-10-4
Gundo,Betram,4901169457524,1971-8-16
Ava,Anderson,5319962692886,1997-11-2
Gilfoyle,Fun,1187436834176,2016-4-14
Borat,Martin,9928343392064,2005-1-1
Saint,Martinez,4194829011332,2009-11-12
Seth,Burr,9513838484887,1982-6-19
DevProx,TheGuy,7029952288042,1997-9-14
Saint,Rogen,6312995802737,1998-3-22
Ava,Sagdiev,4184216146094,1987-7-21
Mila,Martinez,7169258810764,2018-6-23
Helena,SanHacks,9785803921166,2003-12-14
Emily,Anderson,5302107147442,2012-7-19
Aria,Sifhufhi,2346280605096,1977-10-21
Gabe,Burr,2652336344193,2009-5-15
Ava,San,6655378438922,1995-5-11
Ava,Bighetti,3490280988684,1981-5-10
Gabe,TheGuy,9769672681275,1997-5-27
Gilfoyle,TheGuy,1459923936210,2006-10-2
Borat,Betram,7948053566339,2000-9-16
Harper,Burr,1228789332522,1982-4-9
Bill,Sagdiev,9057861367986,2004-10-17
Amelia,TheGuy,2087707493413,1959-11-10
Emily,Fun,6642151606607,1952-8-24
Nelson,Garcia,1225805619534,1996-10-20
DevProx,Mulalo,3466580926225,2016-3-16
Borat,Burr,9309975787521,1982-5-16
Saint,Fun,8654777280197,1952-3-7
Sofia,Rogen,9802164516661,1964-5-17
Harper,San,1167026418972,1979-3-5
Saint,SanHacks,3999327834108,1982-6-22
Gilfoyle,San,4331004304871,1970-1-18
Seth,Fun,5807749867935,1980-2-28
Sofia,Anderson,4654919190500,2012-11-28
Sofia,Mashudu,8981957968354,1987-6-19
Nelson,Yang,2738622691663,1955-11-27
Mila,San,3110282146988,1974-3-10
Gabe,Betram,8089665988333,2003-9-12
Gabe,Sifhufhi,3205517623446,2010-1-7
Jian,Fun,2102982546809,2006-8-22
Harper,Bean,4863601743909,2012-2-17
Bill,Bighetti,8867656532431,1980-6-10
Jian,Jackson,4203811537298,2014-6-26
Seth,Sifhufhi,8255335491972,1972-2-2
Bill,Martinez,3776997706424,1989-8-21
Ava,Jackson,4209642849356,1974-9-14
DevProx,Sifhufhi,8855788509497,1992-6-12
Helena,Rogen,3926865991347,1958-11-8
Sofia,Anderson,7240531644561,2001-6-14
Millie,Sagdiev,5360729985162,1952-8-23
Borat,Mulalo,4723259465395,1980-4-2
Gundo,Mulalo,3401274260572,1970-2-25
Ava,Mashudu,3439906828534,1958-3-4
Jian,Sagdiev,1019609539064,1962-9-19
Bill,Carlin,3840154664714,2010-5-7
Ava,Betram,6027617053148,2014-3-28
Gilfoyle,Burr,8833371147133,1985-10-17
Jian,Bean,8888176204983,1975-3-20
Borat,Martin,3280382290926,2016-7-14
Bill,Bighetti,8245077858678,1981-3-5
Amelia,Burr,2565134721066,1971-1-16
Gilfoyle,Betram,8142400467951,1988-4-10
Emily,Martinez,8035504465706,1983-4-27
DevProx,Burr,5307964547835,1979-5-23
Millie,Mashudu,3545385917679,1972-11-26
Helena,San,9564723415245,1995-8-28
Mila,Burr,9599651399158,1965-6-17
Sofia,Yang,9968167094222,1954-6-1
Gabe,SanHacks,8178078300788,1954-1-5
Helena,Sifhufhi,8951735480378,2014-9-25
Aria,Jackson,6309676056116,2013-8-17
Nelson,SanHacks,3635469162724,1982-11-4
Mila,SanHacks,3278661808535,2012-10-26
Nelson,Yang,1247449833294,1997-2-9
Mila,Sagdiev,6780743859928,2007-3-18
Helena,Rogen,1795605843988,1979-1-17
DevProx,San,7926887945290,1970-4-3
Harper,Rogen,6320300399131,1983-11-15
Harper,SanHacks,7090345956946,1992-10-8
Gilfoyle,Fun,4654300463007,1993-8-6
Jian,Yang,8059259944003,1950-8-4
Harper,Sagdiev,5582078449500,2014-1-11
Bill,Rogen,7487633666150,1990-7-12
Sofia,Mashudu,8946330565208,2001-3-28
DevProx,TheGuy,3215022414113,1999-6-16
Mila,TheGuy,3085597352481,1968-7-15
Nelson,Anderson,2618603880464,1976-8-10
Gilfoyle,Anderson,4281263689157,1989-1-21
Gilfoyle,Betram,1756164389709,1951-12-25
Mila,Bean,2743970956286,1988-5-22
Mila,Betram,5958088176210,2010-3-13
Aria,Garcia,4338202137266,1990-8-7
Borat,San,3101958298209,1981-10-19
Aria,Betram,4607733852451,1974-3-9
Ava,Anderson,9730870311299,1994-12-20
Borat,SanHacks,7164197282906,2011-4-11
Gilfoyle,Burr,6627643126240,1996-11-21
Seth,Bean,9230452891584,1952-4-6
Seth,Burr,3770031728442,1988-2-1
DevProx,SanHacks,8134526013646,1971-11-23
Jian,Yang,6651418224771,2001-5-19
Gundo,Burr,9871779380963,1974-11-15
Saint,Sifhufhi,6795374612403,1974-3-4
Helena,Jackson,1565880407088,1972-1-1
Gabe,Betram,8606195086725,1961-10-1
DevProx,Martinez,9329235826928,2000-10-15
Evelyn,Garcia,3708675742678,2007-9-25
Evelyn,Mulalo,3530279224561,1965-12-8
Bill,Rogen,6927817446871,2001-7-23
Sofia,Martin,9589814672065,2003-2-1
Bill,Sagdiev,6710341606312,1991-7-25
DevProx,Rogen,1799317150832,1989-11-14
Aria,Sagdiev,3530741853485,2013-11-1
Seth,Burr,1204830659104,1980-5-28
Harper,Bighetti,5917738633850,1957-1-4
Millie,Sifhufhi,1354735735379,2006-9-16
Nelson,Mashudu,3715431310011,1996-5-1
Sofia,TheGuy,6252462566722,2002-6-7
Borat,Yang,1265389185304,2000-4-19
Evelyn,San,1527576497062,1955-7-11
Ava,Mulalo,4742480806565,1963-1-21
Seth,Carlin,5195326905378,1975-5-21
Gundo,Garcia,9071310163521,2016-10-1
Helena,San,9885331992431,1974-11-7
Millie,Mashudu,5431567065505,1983-3-27
Harper,Garcia,6177864403619,1980-9-18
Nelson,Rogen,5312170123099,2011-2-25
Gilfoyle,TheGuy,1571262216418,1969-10-20
Emily,Rogen,1174936173163,1987-1-9
Harper,Yang,2250283184494,1974-2-24
Borat,TheGuy,3705810281289,1956-8-26
Gilfoyle,Mashudu,1227428395041,1952-8-18
Amelia,TheGuy,5752330871735,2000-10-8
Gilfoyle,Mulalo,1566872107466,1971-7-2
Amelia,Anderson,3194743105300,1981-12-5
Gabe,Jackson,6690953523521,2010-2-23
Millie,Jackson,7335019098144,1967-10-28
Millie,Rogen,8187377918780,1970-3-24
Harper,Fun,4789089583172,1980-5-28
Amelia,Betram,5743374680318,1987-9-28
Helena,Sifhufhi,7877914665641,1956-12-28
Mila,Rogen,5237416972122,1950-10-3
Harper,SanHacks,8232641611730,1981-7-12
Gilfoyle,Garcia,7848501538947,2004-8-18
Gilfoyle,Rogen,6217912429878,1975-2-19
Nelson,Burr,3465330247618,1988-11-12
DevProx,Bighetti,4071351402633,1976-1-22
Helena,Bighetti,7509702602925,1974-11-1
Bill,TheGuy,9950820108006,1989-9-28
Ava,TheGuy,4029187973772,1964-2-24
Borat,Bean,8024862174001,1964-3-28
DevProx,Bighetti,5505600989977,1996-12-15
Seth,Yang,9753284763948,1972-7-9
Millie,Bean,1015392172084,1973-9-16
Harper,Bean,3683091837515,2006-11-1
Gilfoyle,San,6136932418266,2002-3-12
Jian,Mashudu,9259485878539,1964-6-3
Saint,TheGuy,6179875963552,1999-5-14
Amelia,Sagdiev,6704043947182,2008-9-7
Evelyn,Bean,2798886221524,1950-4-4
Ava,Bean,3794886585338,1972-6-20
DevProx,Garcia,5447481302129,1968-10-7
Ava,TheGuy,1755298666084,2016-10-21
Emily,TheGuy,6645329717975,2013-10-13
Bill,Fun,9836875640594,2013-12-24
Aria,Fun,8668880323408,1971-4-14
Gundo,Sifhufhi,3806486459991,2015-12-9
Mila,San,2666543355129,1966-3-18
Amelia,Fun,1047968056742,1975-7-22
Jian,Sifhufhi,1443072340811,1981-10-10
Saint,Bean,3514717085520,1960-10-18
Seth,Mashudu,3235265322547,1981-3-18
Borat,Sifhufhi,8944224764327,1950-5-17
Emily,Martinez,9216749650497,1973-11-6
DevProx,Jackson,6281157042644,1977-5-1
Sofia,Carlin,7239854515384,1996-2-5
Amelia,Fun,2417101713393,2002-5-17
Millie,Jackson,8603551074813,1963-4-1
Borat,Burr,4854304100089,1994-8-16
Gilfoyle,Mulalo,7635278250193,1972-9-2
Bill,Fun,5029547318506,1997-2-18
Gilfoyle,Bighetti,4328529572719,2001-4-23
Seth,San,2143732060595,1997-11-16
Seth,Martin,3448784520332,1968-1-6
DevProx,Betram,7008808142566,1966-3-20
DevProx,Sagdiev,5689384585033,1953-9-18
DevProx,Burr,6602924422189,1976-8-23
Saint,Mulalo,3566128901905,1955-1-1
